SOURCE_ID;PAYMENT_METHOD_TYPE;TRANSACTION_TYPE;TRANSACTION_AMOUNT;TRANSACTION_DATE;FEE_AMOUNT;SETTLEMENT_DATE;REAL_AMOUNT;TAXES_AMOUNT;BUSINESS_UNIT;SUB_UNIT;MONEY_RELEASE_DATE
172930006637;available_money;SETTLEMENT;3000.00;2026-08-14T15:36:33.000-04:00;0.00;2026-08-14T15:36:33.000-04:00;3000.00;0.00;;;2026-08-14T15:36:33.000-04:00
172928915711;available_money;SETTLEMENT;400.00;2026-08-14T15:32:39.000-04:00;0.00;2026-08-14T15:32:39.000-04:00;400.00;0.00;;;2026-08-14T15:32:39.000-04:00
172928411619;available_money;SETTLEMENT;300.00;2026-08-14T15:29:25.000-04:00;0.00;2026-08-14T15:29:26.000-04:00;300.00;0.00;;;2026-08-14T15:29:26.000-04:00
172928623097;available_money;SETTLEMENT;2000.00;2026-08-14T15:29:03.000-04:00;0.00;2026-08-14T15:29:04.000-04:00;2000.00;0.00;;;2026-08-14T15:29:04.000-04:00
172924724337;bank_transfer;SETTLEMENT;4400.00;2026-08-14T15:03:41.000-04:00;0.00;2026-08-14T15:03:41.000-04:00;4400.00;0.00;;;2026-08-14T15:03:41.000-04:00
172922024427;bank_transfer;SETTLEMENT;3000.00;2026-08-14T14:47:49.000-04:00;0.00;2026-08-14T14:47:49.000-04:00;3000.00;0.00;;;2026-08-14T14:47:49.000-04:00
173845575698;available_money;SETTLEMENT;8500.00;2026-08-14T14:45:00.000-04:00;0.00;2026-08-14T14:45:00.000-04:00;8500.00;0.00;;;2026-08-14T14:45:00.000-04:00
172917456619;available_money;SETTLEMENT;1000.00;2026-08-14T14:21:32.000-04:00;0.00;2026-08-14T14:21:33.000-04:00;1000.00;0.00;;;2026-08-14T14:21:32.000-04:00
173841534658;bank_transfer;SETTLEMENT;6600.00;2026-08-14T14:18:49.000-04:00;0.00;2026-08-14T14:18:50.000-04:00;6600.00;0.00;;;2026-08-14T14:18:50.000-04:00
172910079831;available_money;SETTLEMENT;3300.00;2026-08-14T13:41:29.000-04:00;0.00;2026-08-14T13:41:30.000-04:00;3300.00;0.00;;;2026-08-14T13:41:30.000-04:00
173834858458;available_money;SETTLEMENT;500.00;2026-08-14T13:39:30.000-04:00;0.00;2026-08-14T13:39:30.000-04:00;500.00;0.00;;;2026-08-14T13:39:30.000-04:00
173832957976;available_money;SETTLEMENT;1000.00;2026-08-14T13:31:36.000-04:00;0.00;2026-08-14T13:31:36.000-04:00;1000.00;0.00;;;2026-08-14T13:31:36.000-04:00
173832764258;available_money;SETTLEMENT;3000.00;2026-08-14T13:26:30.000-04:00;0.00;2026-08-14T13:26:31.000-04:00;3000.00;0.00;;;2026-08-14T13:26:30.000-04:00
173822911906;available_money;SETTLEMENT;-999539.79;2026-08-14T12:34:10.000-04:00;0.00;2026-08-14T12:35:36.000-04:00;-999539.79;0.00;;;2026-08-14T12:35:35.000-04:00
173818390682;available_money;SETTLEMENT;1700.00;2026-08-14T12:07:53.000-04:00;0.00;2026-08-14T12:07:53.000-04:00;1700.00;0.00;;;2026-08-14T12:07:53.000-04:00
172889112453;bank_transfer;SETTLEMENT;581.00;2026-08-14T11:43:02.000-04:00;0.00;2026-08-14T11:43:02.000-04:00;581.00;0.00;;;2026-08-14T11:43:02.000-04:00
173812655512;available_money;SETTLEMENT;3000.00;2026-08-14T11:40:17.000-04:00;0.00;2026-08-14T11:40:17.000-04:00;3000.00;0.00;;;2026-08-14T11:40:17.000-04:00
173812176178;available_money;SETTLEMENT;50000.00;2026-08-14T11:35:03.000-04:00;0.00;2026-08-14T11:35:04.000-04:00;50000.00;0.00;;;2026-08-14T11:35:04.000-04:00
173805035156;available_money;SETTLEMENT;3400.00;2026-08-14T11:02:03.000-04:00;0.00;2026-08-14T11:02:04.000-04:00;3400.00;0.00;;;2026-08-14T11:02:03.000-04:00
173797568370;bank_transfer;SETTLEMENT;2500.00;2026-08-14T10:20:35.000-04:00;0.00;2026-08-14T10:20:35.000-04:00;2500.00;0.00;;;2026-08-14T10:20:35.000-04:00
173796354554;available_money;SETTLEMENT;2000.00;2026-08-14T10:13:39.000-04:00;0.00;2026-08-14T10:13:39.000-04:00;2000.00;0.00;;;2026-08-14T10:13:39.000-04:00
173792831342;available_money;SETTLEMENT;8500.00;2026-08-14T09:55:05.000-04:00;0.00;2026-08-14T09:55:06.000-04:00;8500.00;0.00;;;2026-08-14T09:55:06.000-04:00
173391739722;available_money;SETTLEMENT;-421400.00;2026-08-12T11:49:35.000-04:00;0.00;2026-08-14T04:34:42.000-04:00;-421400.00;0.00;;;2026-08-14T04:34:42.000-04:00
1748368623174;;SETTLEMENT;954.45;2026-08-14T00:39:51.000-04:00;0.00;2026-08-14T00:39:51.000-04:00;954.45;0.00;;;
1748368623174;;SETTLEMENT;1.87;2026-08-14T00:39:51.000-04:00;0.00;2026-08-14T00:39:51.000-04:00;1.87;0.00;;;
173747671252;bank_transfer;SETTLEMENT;33000.00;2026-08-13T22:47:56.000-04:00;0.00;2026-08-13T22:47:56.000-04:00;33000.00;0.00;;;2026-08-13T22:47:56.000-04:00
173745841594;available_money;SETTLEMENT;-39123.01;2026-08-13T22:27:01.000-04:00;0.00;2026-08-13T22:27:03.000-04:00;-39123.01;0.00;Mercado Pago;Wallet;2026-08-15T22:27:03.000-04:00
172822667265;available_money;SETTLEMENT;-212563.31;2026-08-13T22:26:23.000-04:00;0.00;2026-08-13T22:26:25.000-04:00;-212563.31;0.00;Mercado Pago;Wallet;2026-08-15T22:26:25.000-04:00
172822423729;available_money;SETTLEMENT;-5000.00;2026-08-13T22:25:53.000-04:00;0.00;2026-08-13T22:25:54.000-04:00;-5000.00;0.00;;;2026-08-13T22:25:54.000-04:00
172821288687;available_money;SETTLEMENT;2200.00;2026-08-13T22:08:38.000-04:00;0.00;2026-08-13T22:08:38.000-04:00;2200.00;0.00;;;2026-08-13T22:08:38.000-04:00
172820400725;available_money;SETTLEMENT;18400.00;2026-08-13T22:00:26.000-04:00;0.00;2026-08-13T22:00:27.000-04:00;18400.00;0.00;;;2026-08-13T22:00:27.000-04:00
172817524649;available_money;SETTLEMENT;1200.00;2026-08-13T21:32:48.000-04:00;0.00;2026-08-13T21:32:48.000-04:00;1200.00;0.00;;;2026-08-13T21:32:48.000-04:00
173734816858;available_money;SETTLEMENT;1100.00;2026-08-13T20:49:26.000-04:00;0.00;2026-08-13T20:49:26.000-04:00;1100.00;0.00;;;2026-08-13T20:49:26.000-04:00
173732118108;available_money;SETTLEMENT;-20000.00;2026-08-13T20:30:28.000-04:00;0.00;2026-08-13T20:30:28.000-04:00;-20000.00;0.00;;;2026-08-13T20:30:28.000-04:00
173731061752;available_money;SETTLEMENT;4700.00;2026-08-13T20:27:10.000-04:00;0.00;2026-08-13T20:27:11.000-04:00;4700.00;0.00;;;2026-08-13T20:27:11.000-04:00
173730217906;bank_transfer;SETTLEMENT;4000.00;2026-08-13T20:21:21.000-04:00;0.00;2026-08-13T20:21:22.000-04:00;4000.00;0.00;;;2026-08-13T20:21:22.000-04:00
173729970440;bank_transfer;SETTLEMENT;6000.00;2026-08-13T20:16:15.000-04:00;0.00;2026-08-13T20:16:15.000-04:00;6000.00;0.00;;;2026-08-13T20:16:15.000-04:00
173726838920;available_money;SETTLEMENT;2000.00;2026-08-13T19:56:56.000-04:00;0.00;2026-08-13T19:56:57.000-04:00;2000.00;0.00;;;2026-08-13T19:56:57.000-04:00
172803733043;available_money;SETTLEMENT;1500.00;2026-08-13T19:56:28.000-04:00;0.00;2026-08-13T19:56:28.000-04:00;1500.00;0.00;;;2026-08-13T19:56:28.000-04:00
173726539462;available_money;SETTLEMENT;5000.00;2026-08-13T19:56:07.000-04:00;0.00;2026-08-13T19:56:08.000-04:00;5000.00;0.00;;;2026-08-13T19:56:08.000-04:00
172802140009;bank_transfer;SETTLEMENT;400.00;2026-08-13T19:48:58.000-04:00;0.00;2026-08-13T19:48:58.000-04:00;400.00;0.00;;;2026-08-13T19:48:58.000-04:00
173723345810;available_money;SETTLEMENT;200.00;2026-08-13T19:37:41.000-04:00;0.00;2026-08-13T19:37:42.000-04:00;200.00;0.00;;;2026-08-13T19:37:42.000-04:00
173723055510;available_money;SETTLEMENT;7500.00;2026-08-13T19:35:36.000-04:00;0.00;2026-08-13T19:35:37.000-04:00;7500.00;0.00;;;2026-08-13T19:35:37.000-04:00
173722811680;bank_transfer;SETTLEMENT;10000.00;2026-08-13T19:34:42.000-04:00;0.00;2026-08-13T19:34:42.000-04:00;10000.00;0.00;;;2026-08-13T19:34:42.000-04:00
172798107717;available_money;SETTLEMENT;-2000.00;2026-08-13T19:24:57.000-04:00;0.00;2026-08-13T19:24:58.000-04:00;-2000.00;0.00;;;2026-08-13T19:24:58.000-04:00
172792304805;available_money;SETTLEMENT;10500.00;2026-08-13T18:53:09.000-04:00;0.00;2026-08-13T18:53:10.000-04:00;10500.00;0.00;;;2026-08-13T18:53:10.000-04:00
173712951156;available_money;SETTLEMENT;3800.00;2026-08-13T18:41:06.000-04:00;0.00;2026-08-13T18:41:07.000-04:00;3800.00;0.00;;;2026-08-13T18:41:07.000-04:00
172788488457;available_money;SETTLEMENT;6000.00;2026-08-13T18:31:39.000-04:00;0.00;2026-08-13T18:31:39.000-04:00;6000.00;0.00;;;2026-08-13T18:31:39.000-04:00
172788284775;available_money;SETTLEMENT;2000.00;2026-08-13T18:31:03.000-04:00;0.00;2026-08-13T18:31:03.000-04:00;2000.00;0.00;;;2026-08-13T18:31:03.000-04:00
172787896791;bank_transfer;SETTLEMENT;22000.00;2026-08-13T18:29:10.000-04:00;0.00;2026-08-13T18:29:10.000-04:00;22000.00;0.00;;;2026-08-13T18:29:10.000-04:00
172781716023;available_money;SETTLEMENT;1800.00;2026-08-13T17:58:56.000-04:00;0.00;2026-08-13T17:58:57.000-04:00;1800.00;0.00;;;2026-08-13T17:58:57.000-04:00
173704235838;bank_transfer;SETTLEMENT;2500.00;2026-08-13T17:55:31.000-04:00;0.00;2026-08-13T17:55:31.000-04:00;2500.00;0.00;;;2026-08-13T17:55:31.000-04:00
172780847259;available_money;SETTLEMENT;4500.00;2026-08-13T17:52:47.000-04:00;0.00;2026-08-13T17:52:47.000-04:00;4500.00;0.00;;;2026-08-13T17:52:47.000-04:00
173701636976;available_money;SETTLEMENT;4000.00;2026-08-13T17:40:29.000-04:00;0.00;2026-08-13T17:40:29.000-04:00;4000.00;0.00;;;2026-08-13T17:40:29.000-04:00
173700696502;available_money;SETTLEMENT;3000.00;2026-08-13T17:34:44.000-04:00;0.00;2026-08-13T17:34:44.000-04:00;3000.00;0.00;;;2026-08-13T17:34:44.000-04:00
172776664401;available_money;SETTLEMENT;1000.00;2026-08-13T17:29:21.000-04:00;0.00;2026-08-13T17:29:21.000-04:00;1000.00;0.00;;;2026-08-13T17:29:21.000-04:00
173698022636;bank_transfer;SETTLEMENT;4400.00;2026-08-13T17:21:51.000-04:00;0.00;2026-08-13T17:21:52.000-04:00;4400.00;0.00;;;2026-08-13T17:21:52.000-04:00
173695408098;available_money;SETTLEMENT;6000.00;2026-08-13T17:09:44.000-04:00;0.00;2026-08-13T17:09:45.000-04:00;6000.00;0.00;;;2026-08-13T17:09:44.000-04:00
172745283361;available_money;SETTLEMENT;3500.00;2026-08-13T14:22:35.000-04:00;0.00;2026-08-13T14:22:35.000-04:00;3500.00;0.00;;;2026-08-13T14:22:35.000-04:00
172739727247;bank_transfer;SETTLEMENT;24000.00;2026-08-13T13:42:26.000-04:00;0.00;2026-08-13T13:42:27.000-04:00;24000.00;0.00;;;2026-08-13T13:42:26.000-04:00
172736359927;available_money;SETTLEMENT;500.00;2026-08-13T13:22:31.000-04:00;0.00;2026-08-13T13:22:31.000-04:00;500.00;0.00;;;2026-08-13T13:22:31.000-04:00
173658401274;available_money;SETTLEMENT;3000.00;2026-08-13T13:16:33.000-04:00;0.00;2026-08-13T13:16:33.000-04:00;3000.00;0.00;;;2026-08-13T13:16:33.000-04:00
173658159756;available_money;SETTLEMENT;4500.00;2026-08-13T13:16:08.000-04:00;0.00;2026-08-13T13:16:09.000-04:00;4500.00;0.00;;;2026-08-13T13:16:09.000-04:00
172732322301;bank_transfer;SETTLEMENT;500.00;2026-08-13T12:53:01.000-04:00;0.00;2026-08-13T12:53:01.000-04:00;500.00;0.00;;;2026-08-13T12:53:01.000-04:00
172731801207;bank_transfer;SETTLEMENT;4500.00;2026-08-13T12:51:48.000-04:00;0.00;2026-08-13T12:51:49.000-04:00;4500.00;0.00;;;2026-08-13T12:51:49.000-04:00
172729865767;bank_transfer;SETTLEMENT;20000.00;2026-08-13T12:41:37.000-04:00;0.00;2026-08-13T12:41:37.000-04:00;20000.00;0.00;;;2026-08-13T12:41:37.000-04:00
172729994321;bank_transfer;SETTLEMENT;300.00;2026-08-13T12:39:05.000-04:00;0.00;2026-08-13T12:39:05.000-04:00;300.00;0.00;;;2026-08-13T12:39:05.000-04:00
173651897394;available_money;SETTLEMENT;20500.00;2026-08-13T12:35:49.000-04:00;0.00;2026-08-13T12:35:50.000-04:00;20500.00;0.00;;;2026-08-13T12:35:50.000-04:00
172724056857;available_money;SETTLEMENT;800.00;2026-08-13T12:06:47.000-04:00;0.00;2026-08-13T12:06:47.000-04:00;800.00;0.00;;;2026-08-13T12:06:47.000-04:00
172719133923;available_money;SETTLEMENT;1000.00;2026-08-13T11:41:21.000-04:00;0.00;2026-08-13T11:41:21.000-04:00;1000.00;0.00;;;2026-08-13T11:41:21.000-04:00
173635523328;bank_transfer;SETTLEMENT;2500.00;2026-08-13T11:06:41.000-04:00;0.00;2026-08-13T11:06:41.000-04:00;2500.00;0.00;;;2026-08-13T11:06:41.000-04:00
173625415584;bank_transfer;SETTLEMENT;1000.00;2026-08-13T10:09:24.000-04:00;0.00;2026-08-13T10:09:24.000-04:00;1000.00;0.00;;;2026-08-13T10:09:24.000-04:00
173617675592;bank_transfer;SETTLEMENT;2500.00;2026-08-13T09:19:51.000-04:00;0.00;2026-08-13T09:19:51.000-04:00;2500.00;0.00;;;2026-08-13T09:19:51.000-04:00
173615924536;available_money;SETTLEMENT;4500.00;2026-08-13T09:05:31.000-04:00;0.00;2026-08-13T09:05:31.000-04:00;4500.00;0.00;;;2026-08-13T09:05:31.000-04:00
172687889079;available_money;SETTLEMENT;3500.00;2026-08-13T08:24:09.000-04:00;0.00;2026-08-13T08:24:10.000-04:00;3500.00;0.00;;;2026-08-13T08:24:09.000-04:00
1748308457732;;SETTLEMENT;1029.76;2026-08-13T02:59:53.000-04:00;0.00;2026-08-13T02:59:53.000-04:00;1029.76;0.00;;;
1748308457732;;SETTLEMENT;1.64;2026-08-13T02:59:53.000-04:00;0.00;2026-08-13T02:59:53.000-04:00;1.64;0.00;;;
172584775613;available_money;SETTLEMENT;1.00;2026-08-13T00:04:58.000-04:00;0.00;2026-08-13T00:04:58.000-04:00;1.00;0.00;;;2026-08-13T00:04:58.000-04:00
173502845488;available_money;SETTLEMENT;1.00;2026-08-13T00:01:18.000-04:00;0.00;2026-08-13T00:01:18.000-04:00;1.00;0.00;;;2026-08-13T00:01:18.000-04:00
173502261976;available_money;SETTLEMENT;1.00;2026-08-12T23:54:36.000-04:00;0.00;2026-08-12T23:54:36.000-04:00;1.00;0.00;;;2026-08-12T23:54:36.000-04:00
173503100240;available_money;SETTLEMENT;1.00;2026-08-12T23:51:58.000-04:00;0.00;2026-08-12T23:51:58.000-04:00;1.00;0.00;;;2026-08-12T23:51:58.000-04:00
173501989892;available_money;SETTLEMENT;1.00;2026-08-12T23:46:58.000-04:00;0.00;2026-08-12T23:46:59.000-04:00;1.00;0.00;;;2026-08-12T23:46:58.000-04:00
173501585784;available_money;SETTLEMENT;1.00;2026-08-12T23:38:44.000-04:00;0.00;2026-08-12T23:38:44.000-04:00;1.00;0.00;;;2026-08-12T23:38:44.000-04:00
173501496472;available_money;SETTLEMENT;1.00;2026-08-12T23:23:59.000-04:00;0.00;2026-08-12T23:23:59.000-04:00;1.00;0.00;;;2026-08-12T23:23:59.000-04:00
173498321998;available_money;SETTLEMENT;1.00;2026-08-12T23:16:12.000-04:00;0.00;2026-08-12T23:16:12.000-04:00;1.00;0.00;;;2026-08-12T23:16:12.000-04:00
172582604355;available_money;SETTLEMENT;1.00;2026-08-12T23:12:48.000-04:00;0.00;2026-08-12T23:12:48.000-04:00;1.00;0.00;;;2026-08-12T23:12:48.000-04:00
172579417749;available_money;SETTLEMENT;1.00;2026-08-12T23:04:49.000-04:00;0.00;2026-08-12T23:04:50.000-04:00;1.00;0.00;;;2026-08-12T23:04:49.000-04:00
173497917028;available_money;SETTLEMENT;1.00;2026-08-12T23:03:05.000-04:00;0.00;2026-08-12T23:03:05.000-04:00;1.00;0.00;;;2026-08-12T23:03:05.000-04:00
